Symbol,Jan_2008_AH,Jan_2008_AW,Feb_2008_AH,Feb_2008_AW,Mar_2008_AH,Mar_2008_AW,Apr_2008_AH,Apr_2008_AW,May_2008_AH,May_2008_AW,Jun_2008_AH,Jun_2008_AW,Jul_2008_AH,Jul_2008_AW,Aug_2008_AH,Aug_2008_AW,Sep_2008_AH,Sep_2008_AW,Oct_2008_AH,Oct_2008_AW,Nov_2008_AH,Nov_2008_AW,Dec_2008_AH,Dec_2008_AW,Jan_2009_AH,Jan_2009_AW,Feb_2009_AH,Feb_2009_AW,Mar_2009_AH,Mar_2009_AW,Apr_2009_AH,Apr_2009_AW,May_2009_AH,May_2009_AW,Jun_2009_AH,Jun_2009_AW,Jul_2009_AH,Jul_2009_AW,Aug_2009_AH,Aug_2009_AW,Sep_2009_AH,Sep_2009_AW,Oct_2009_AH,Oct_2009_AW,Nov_2009_AH,Nov_2009_AW,Dec_2009_AH,Dec_2009_AW,Jan_2010_AH,Jan_2010_AW,Feb_2010_AH,Feb_2010_AW,Mar_2010_AH,Mar_2010_AW,Apr_2010_AH,Apr_2010_AW,May_2010_AH,May_2010_AW,Jun_2010_AH,Jun_2010_AW,Jul_2010_AH,Jul_2010_AW,Aug_2010_AH,Aug_2010_AW,Sep_2010_AH,Sep_2010_AW,Oct_2010_AH,Oct_2010_AW,Nov_2010_AH,Nov_2010_AW,Dec_2010_AH,Dec_2010_AW,Jan_2020_AH,Jan_2020_AW,Feb_2020_AH,Feb_2020_AW,Mar_2020_AH,Mar_2020_AW,Apr_2020_AH,Apr_2020_AW,May_2020_AH,May_2020_AW
ADANIPORTS,1069.6,995.2,785.9,736.7,597.7,545.6,660.5,625.4,841.7,787.4,641.4,601.4,541.0,495.6,593.9,570.0,529.4,501.8,410.1,376.3,330.1,312.0,304.7,287.2,381.5,353.7,372.0,357.1,323.4,305.5,392.1,367.8,515.3,472.1,650.9,613.6,563.3,538.0,571.6,549.0,550.5,532.3,539.2,520.3,543.0,523.8,567.0,549.8,625.9,594.7,657.1,634.6,736.1,710.8,763.9,744.4,704.3,674.2,706.1,686.2,742.6,724.5,798.8,775.6,628.6,611.0,172.5,166.0,155.4,147.8,149.0,143.2,387.7,379.7,370.3,361.7,292.7,272.2,270.8,259.3,306.4,293.0
ASIANPAINT,1163.6,1072.4,1181.1,1119.0,1174.5,1124.2,1230.0,1194.3,1260.1,1223.0,1262.3,1218.3,1096.7,1055.7,1242.0,1211.4,1206.6,1173.4,1035.8,973.4,954.1,922.4,888.0,858.8,905.5,863.7,805.5,777.9,762.7,732.8,874.1,841.4,1001.7,962.0,1153.9,1104.4,1265.2,1221.6,1388.3,1323.2,1391.4,1357.1,1581.7,1523.5,1701.6,1662.6,1752.6,1700.1,1848.5,1789.6,1927.4,1859.0,1996.6,1930.8,2081.8,2034.4,2123.5,2059.3,2321.9,2260.1,2473.5,2405.7,2725.9,2652.3,2844.4,2776.4,2703.3,2626.3,2704.5,2618.9,2798.8,2729.2,1803.5,1774.3,1875.5,1836.2,1763.0,1659.3,1757.8,1689.5,1612.5,1556.0
AXISBANK,1138.3,1043.1,1045.5,984.0,862.0,788.8,843.1,797.0,880.3,836.7,738.2,691.4,681.0,627.6,722.7,684.2,721.7,674.5,659.8,588.2,528.6,474.0,495.8,465.2,475.0,447.5,407.7,388.6,363.6,336.4,502.9,463.8,721.2,675.0,775.7,727.2,872.8,821.7,889.2,857.4,926.6,901.0,1004.8,966.7,995.4,960.7,1006.8,980.0,1057.7,1020.4,1077.0,1039.3,1165.5,1132.6,1215.8,1186.4,1253.7,1211.9,1249.4,1219.2,1329.8,1301.1,1352.5,1315.9,1476.1,1434.9,1541.1,1499.9,1492.3,1442.8,1350.4,1305.2,743.8,729.0,740.4,724.4,527.9,477.6,433.7,403.0,392.6,369.9
BAJAJ-AUTO,,,,,,,,,677.1,561.5,539.3,504.6,493.3,461.6,563.5,534.7,615.7,584.7,559.3,504.2,403.3,372.5,380.6,353.7,459.5,430.0,490.5,467.8,564.3,534.2,654.0,616.0,844.2,785.9,1057.5,995.2,1130.7,1074.3,1200.0,1127.2,1367.3,1306.9,1535.2,1472.0,1521.1,1470.2,1720.7,1662.7,1756.7,1700.6,1780.5,1722.4,1906.6,1859.7,2099.9,2044.0,2149.3,2086.0,2319.6,2263.8,2512.5,2450.6,2758.9,2691.8,1825.0,1776.9,1547.6,1505.5,1610.9,1564.8,1523.8,1486.2,3126.8,3072.7,3137.0,3059.7,2418.4,2244.3,2413.4,2292.3,2614.8,2501.5
BAJAUTOFIN,460.9,411.0,425.4,392.5,366.7,335.3,326.8,313.7,301.2,283.7,191.3,174.2,134.2,124.4,139.3,131.1,131.5,122.6,87.6,75.5,74.6,68.6,70.6,65.4,64.4,59.7,59.4,56.3,62.2,56.5,89.5,81.9,114.0,105.3,166.7,157.5,174.4,161.8,210.0,198.2,230.6,215.3,293.7,270.0,287.6,271.1,313.7,303.0,345.7,328.3,307.9,291.8,322.1,311.5,379.7,363.2,467.8,437.6,477.2,465.7,539.1,512.3,623.3,594.5,764.8,724.2,,,,,,,,,,,,,,,,
BAJFINANCE,,,,,,,,,,,,,,,,,,,,,,,,,,,,,,,,,,,,,,,,,,,,,,,,,,,,,,,,,,,,,,,,,794.2,768.1,794.0,770.6,791.7,760.1,709.2,682.5,4232.6,4146.7,4729.7,4623.6,3535.7,3202.3,2308.4,2144.2,2087.4,1966.2
BHARTIARTL,934.0,876.3,891.4,848.9,807.5,764.5,860.4,822.8,869.0,831.0,817.2,776.3,781.1,732.7,835.5,805.8,810.3,768.7,722.7,656.3,675.7,625.9,722.0,687.8,654.9,620.9,653.1,630.7,605.3,577.1,705.1,668.5,841.8,783.7,826.9,794.2,719.7,688.2,413.5,395.4,430.3,412.7,354.6,333.9,303.0,289.9,326.6,314.9,328.7,319.4,299.2,289.6,305.5,296.2,311.8,301.8,278.5,268.3,272.1,263.4,300.4,291.8,324.7,315.7,360.7,349.6,347.3,336.1,334.3,324.3,348.7,338.9,488.1,474.2,542.2,526.5,487.2,449.5,498.5,476.0,567.8,545.2
BPCL,466.2,429.2,450.2,419.3,436.7,407.4,411.1,393.1,374.0,356.5,294.2,274.2,281.4,262.7,321.6,307.6,352.0,328.2,353.5,319.7,332.2,310.0,371.8,349.8,385.9,367.4,405.4,392.5,367.0,353.3,387.9,372.7,416.5,389.6,455.3,428.5,467.0,445.8,518.5,493.1,574.3,551.2,545.1,526.1,537.2,520.2,623.1,605.9,616.7,595.0,587.7,563.3,539.1,523.8,511.1,499.1,555.5,538.0,579.8,554.4,672.8,650.6,710.1,682.8,784.1,761.7,743.6,722.7,740.8,715.1,690.8,669.5,475.9,464.4,478.4,462.5,364.4,329.9,359.9,341.2,330.4,313.4
BRITANNIA,1547.0,1456.7,1440.3,1380.8,1367.0,1304.4,1341.8,1297.0,1426.3,1374.7,1482.1,1416.0,1376.5,1332.9,1407.9,1381.9,1404.2,1345.5,1225.2,1155.3,1157.5,1117.7,1268.5,1188.6,1330.6,1292.8,1385.2,1349.4,1340.6,1283.3,1553.7,1474.4,1697.7,1595.4,1626.9,1580.1,1691.9,1641.5,1733.1,1675.9,1636.7,1594.4,1682.5,1628.4,1680.9,1639.8,1660.8,1628.8,1674.1,1636.2,1645.5,1603.1,1637.5,1599.5,1667.2,1629.6,1676.1,1647.0,1803.0,1765.9,1950.2,1887.4,2131.2,2034.8,847.1,820.4,436.7,427.5,422.0,407.0,409.0,398.8,3127.3,3075.9,3171.3,3087.4,2801.5,2609.7,2985.5,2830.4,3167.0,3062.3
CIPLA,205.0,192.8,197.5,188.9,210.9,200.8,223.6,215.6,212.9,206.5,216.1,208.2,221.1,213.1,235.8,228.8,232.3,224.9,200.7,186.3,192.4,179.6,188.5,181.2,190.6,182.7,193.6,189.0,206.6,199.7,237.9,224.8,233.9,221.3,252.7,242.3,276.0,264.0,277.8,267.2,270.6,262.3,295.4,284.2,312.5,302.2,350.8,338.4,342.9,331.8,319.9,310.5,332.4,323.3,339.3,330.7,327.4,317.4,337.5,330.3,335.2,329.4,317.3,310.8,316.1,310.0,342.7,333.9,350.1,338.7,369.2,357.5,475.0,466.3,444.8,431.7,421.8,394.0,582.1,552.1,615.4,593.6
COALINDIA,,,,,,,,,,,,,,,,,,,,,,,,,,,,,,,,,,,,,,,,,,,,,,,,,,,,,,,,,,,,,,,,,,,,,332.0,316.2,320.6,313.5,204.5,199.0,179.8,173.9,153.0,142.3,144.5,138.8,132.5,127.8
DRREDDY,672.5,631.4,545.1,515.5,576.8,543.8,619.0,595.1,672.8,644.0,703.0,671.7,655.4,626.4,606.7,581.8,563.1,536.7,485.4,437.9,423.7,404.1,478.9,451.3,469.9,446.8,434.1,419.0,431.5,406.9,547.1,519.4,624.6,590.3,732.1,695.9,806.6,775.5,814.8,791.8,858.3,824.5,977.7,941.2,1117.8,1076.0,1164.3,1125.1,1199.7,1154.6,1142.8,1111.6,1232.1,1201.7,1254.9,1215.6,1301.4,1252.2,1455.2,1415.3,1444.2,1404.7,1359.4,1328.7,1468.0,1431.4,1603.7,1570.3,1769.0,1734.7,1778.3,1735.3,3027.4,2966.9,3224.8,3144.2,3032.3,2839.9,3864.4,3696.7,3915.6,3786.2
EICHERMOT,367.3,337.7,292.2,277.5,266.1,250.5,270.7,258.6,333.6,306.0,290.2,273.6,261.3,245.0,280.3,269.2,274.5,264.7,204.2,185.9,226.2,213.4,223.4,214.0,232.8,223.3,226.2,215.8,221.0,211.7,208.5,195.8,252.5,235.5,313.8,294.6,340.1,323.9,429.6,410.3,520.7,495.9,537.9,513.5,575.8,549.7,623.1,593.2,640.4,609.6,581.3,548.7,643.8,618.1,703.5,678.6,840.4,803.7,906.6,866.4,974.2,941.1,1115.1,1058.4,1256.1,1209.8,1315.4,1260.4,1308.1,1245.1,1215.1,1174.1,21204.9,20651.2,19196.6,18545.8,16724.1,15472.8,14024.8,13399.7,14544.1,13833.8
GAIL,496.4,462.0,425.3,402.4,424.0,403.6,445.5,432.0,416.0,401.3,387.8,367.8,361.8,341.5,407.2,391.1,422.1,402.1,263.5,237.9,212.3,195.2,213.8,201.9,208.8,198.5,208.5,200.3,223.3,212.4,262.1,247.0,286.4,269.3,297.0,285.5,334.7,317.9,335.4,323.0,361.4,347.2,375.1,361.6,391.8,373.5,421.3,408.1,423.5,410.9,414.6,403.3,413.1,404.1,424.7,413.4,442.1,429.9,472.0,460.0,465.8,452.7,456.7,445.7,479.3,467.2,503.2,486.7,497.7,485.3,507.9,497.0,128.1,124.5,121.8,117.2,88.6,81.0,88.1,82.9,91.0,86.9
GRASIM,3378.7,3185.2,2934.4,2806.1,2805.3,2678.8,2648.1,2541.5,2330.8,2248.4,2196.5,2118.0,1800.3,1712.6,2019.4,1951.7,1961.7,1872.3,1400.4,1285.3,1038.0,963.4,1144.4,1079.9,1281.6,1209.0,1384.4,1319.3,1499.5,1439.3,1687.6,1602.2,2042.2,1935.9,2390.9,2258.8,2650.0,2532.5,2706.4,2616.3,2754.7,2682.2,2402.6,2316.3,2318.3,2247.7,2445.0,2389.1,2742.3,2656.1,2702.7,2624.9,2875.9,2823.8,2858.7,2800.0,2487.5,2389.7,1811.0,1771.7,1861.5,1824.9,2002.4,1950.0,2198.9,2150.3,2318.6,2266.0,2351.5,2281.4,2341.5,2293.9,782.8,760.9,764.9,741.2,581.2,530.8,525.8,498.3,527.9,505.8
HCLTECH,285.1,266.5,278.8,261.7,276.2,257.3,262.2,249.3,302.6,290.2,292.2,276.6,230.2,216.2,233.2,221.3,238.2,222.1,179.0,158.8,160.7,144.3,126.7,116.6,120.0,109.3,114.9,109.5,101.7,96.4,129.3,117.9,163.7,149.3,195.3,182.0,215.5,200.1,278.2,261.7,327.3,314.9,322.4,308.6,332.5,313.6,359.3,346.8,374.2,356.7,358.8,347.4,371.9,361.9,369.3,357.3,392.7,376.4,380.1,367.7,372.3,362.9,411.3,399.2,417.5,405.1,435.8,423.0,405.3,392.6,445.6,434.6,597.3,585.0,604.7,591.3,500.7,463.9,478.2,453.2,532.7,515.4
HDFC,2984.2,2805.8,2857.7,2727.6,2605.7,2430.9,2554.5,2435.3,2730.5,2620.7,2307.7,2185.8,2133.1,1989.4,2424.9,2308.3,2300.9,2182.4,1898.4,1736.6,1637.0,1501.5,1554.8,1466.4,1582.0,1492.2,1449.2,1381.5,1415.9,1336.9,1759.7,1663.6,2106.4,1928.4,2390.8,2287.6,2459.7,2330.6,2454.8,2371.9,2597.8,2516.2,2785.2,2689.9,2777.9,2698.0,2714.5,2652.5,2567.3,2477.2,2468.6,2404.8,2677.0,2619.6,2805.1,2731.8,2779.7,2715.8,2878.6,2819.0,3014.0,2952.8,1961.1,1917.1,690.1,671.0,737.8,703.7,719.4,700.2,704.4,688.9,2461.9,2418.4,2381.2,2321.1,1927.4,1782.7,1705.8,1617.1,1683.2,1601.2
HDFCBANK,1699.9,1593.2,1531.6,1463.5,1371.2,1296.1,1421.1,1358.1,1473.3,1420.4,1184.5,1122.9,1081.6,1016.0,1243.2,1183.3,1289.1,1221.7,1135.9,1039.5,1010.6,934.9,986.0,933.2,984.3,941.6,910.6,882.0,892.6,851.3,1094.4,1043.5,1314.7,1238.4,1511.9,1453.0,1459.0,1405.7,1462.6,1420.1,1531.2,1495.3,1695.9,1649.4,1737.7,1687.1,1755.4,1718.0,1718.2,1671.6,1648.8,1611.2,1850.7,1791.1,1968.1,1933.3,1918.2,1872.6,1951.7,1913.1,2042.5,2003.0,2158.4,2114.1,2366.2,2316.8,2420.3,2357.0,2382.0,2318.0,2293.1,2233.9,1267.7,1249.5,1229.5,1210.0,1016.7,945.9,935.4,892.6,917.3,882.5
HEROMOTOCO,700.7,661.8,737.9,705.2,732.3,694.0,771.5,746.8,815.7,789.7,780.5,737.7,724.3,685.3,819.6,797.5,859.4,816.5,837.6,786.8,759.8,719.2,803.5,777.8,837.7,809.3,921.6,893.4,997.2,964.8,1116.7,1071.9,1310.7,1237.3,1464.7,1398.3,1570.6,1496.0,1516.9,1456.9,1652.7,1597.3,1653.9,1601.3,1647.3,1584.1,1712.9,1674.3,1672.4,1620.4,1671.6,1619.4,1950.9,1895.0,1976.9,1919.7,1910.1,1865.0,2027.2,1981.4,1981.9,1936.1,1883.8,1841.9,1798.6,1751.7,1869.0,1829.2,1907.1,1856.7,1889.0,1810.6,2446.8,2399.2,2358.3,2287.3,1888.7,1738.2,1903.4,1795.3,2163.3,2057.8
HINDALCO,197.1,182.9,183.2,171.9,186.7,172.5,184.1,175.7,193.5,184.1,172.4,163.1,148.1,140.5,139.1,134.4,117.4,112.5,76.2,68.5,59.8,54.1,54.1,50.5,51.8,48.7,44.5,42.2,46.0,43.1,58.7,54.6,76.4,70.6,93.4,87.3,86.8,81.3,108.8,103.0,124.2,118.3,134.4,128.5,132.8,126.4,149.3,143.7,168.6,161.7,150.6,144.3,174.1,167.9,183.5,177.9,163.4,155.8,147.3,141.9,153.0,149.5,170.7,165.0,189.5,183.1,216.2,208.4,222.5,212.8,230.6,223.4,209.9,205.3,189.1,183.0,124.4,114.2,113.5,105.4,125.7,120.1
HINDUNILVR,221.0,206.3,215.6,205.9,236.2,224.2,248.0,237.8,245.8,239.2,231.1,223.0,223.1,213.1,245.2,238.2,250.3,242.2,245.2,228.5,242.9,233.3,250.6,242.6,257.0,247.4,260.3,253.6,238.7,230.1,240.3,231.1,236.8,227.4,259.7,251.3,279.8,268.1,271.5,261.0,266.9,259.7,285.6,277.1,279.2,272.1,272.5,266.8,262.7,257.4,240.1,234.0,236.1,230.5,233.9,228.6,239.8,231.7,259.1,251.3,265.8,260.1,265.8,260.9,290.4,283.3,304.7,295.9,305.1,298.0,300.8,294.5,2017.9,1991.5,2235.6,2177.5,2148.3,2025.1,2405.5,2285.4,2049.0,1989.0
ICICIBANK,1317.6,1217.9,1166.5,1106.3,902.7,826.6,856.7,807.6,902.8,866.3,762.6,722.5,639.6,594.6,700.6,661.0,652.4,607.7,442.8,392.7,407.4,371.6,423.4,393.7,444.8,411.6,399.0,375.2,333.1,311.1,428.8,393.8,647.1,603.0,748.0,710.9,741.9,701.1,757.9,730.0,835.6,805.6,918.5,879.2,896.2,863.6,869.3,845.8,865.7,840.2,841.0,815.0,940.7,917.4,968.6,941.8,899.0,867.2,870.6,841.0,896.4,875.4,986.9,960.8,1092.6,1066.6,1147.3,1117.0,1221.1,1181.8,1141.6,1107.9,538.8,528.6,538.6,526.9,414.6,382.5,352.1,329.9,330.2,313.8
INDUSINDBK,118.4,107.8,103.2,93.9,86.9,78.9,87.6,82.2,91.2,86.1,70.9,66.0,56.7,52.8,63.0,59.7,58.8,55.6,47.4,42.8,41.0,38.1,36.6,33.8,38.7,36.1,33.5,31.9,31.3,29.6,41.9,38.3,53.7,49.2,82.8,75.2,89.3,82.9,95.4,90.9,109.0,104.2,128.2,120.9,129.2,122.5,141.7,134.9,147.0,141.0,153.8,148.6,169.1,161.8,187.1,181.2,191.2,181.9,197.3,190.0,212.6,206.8,223.5,216.2,253.1,244.5,276.2,266.1,291.6,276.0,271.7,259.8,1420.8,1376.1,1238.1,1191.1,715.4,613.7,434.6,394.7,418.0,390.8
INFRATEL,,,,,,,,,,,,,,,,,,,,,,,,,,,,,,,,,,,,,,,,,,,,,,,,,,,,,,,,,,,,,,,,,,,,,,,,,247.4,238.4,240.2,226.5,193.6,174.2,169.8,160.4,202.7,189.5
INFY,1599.0,1515.5,1612.3,1543.8,1458.4,1380.5,1603.1,1534.2,1869.8,1799.6,1902.0,1830.5,1688.2,1605.5,1709.7,1654.0,1657.7,1583.4,1354.6,1256.3,1281.2,1193.8,1183.8,1131.3,1244.8,1194.6,1262.8,1221.0,1296.2,1251.7,1433.4,1369.4,1614.2,1533.5,1778.0,1699.0,1891.0,1827.9,2089.7,2036.6,2285.3,2233.6,2275.9,2207.4,2359.9,2295.8,2513.8,2463.3,2617.2,2550.7,2525.8,2466.3,2730.3,2675.0,2739.0,2684.7,2672.1,2609.5,2754.1,2699.6,2815.8,2768.6,2814.7,2764.5,2973.0,2913.3,3097.8,3028.6,3063.5,3000.6,3272.3,3218.8,766.6,753.9,790.9,776.0,665.7,623.5,658.5,633.1,687.5,668.3
IOC,652.8,601.0,540.3,507.1,493.1,460.7,461.1,445.9,441.8,422.2,384.8,365.5,374.7,354.0,433.0,417.1,418.8,396.1,389.5,361.9,382.6,362.8,409.0,393.0,439.7,420.5,451.8,440.4,414.6,400.9,435.1,420.2,496.3,461.1,576.6,548.0,555.0,531.3,574.3,554.6,657.8,634.4,629.4,611.4,303.6,294.5,315.1,306.2,319.7,310.8,321.7,310.8,306.6,300.2,289.9,283.5,321.7,311.0,360.4,343.5,387.8,378.4,389.9,380.9,437.5,424.8,423.7,412.8,400.1,386.2,374.4,359.9,123.5,120.5,114.5,111.2,93.6,87.8,84.6,81.3,77.6,74.9
ITC,217.3,203.1,204.0,195.5,196.9,187.8,213.0,206.1,225.1,216.8,206.8,198.3,184.3,174.4,190.4,185.4,195.2,187.1,174.0,161.0,172.7,163.6,176.4,169.8,174.3,168.5,182.9,178.4,176.4,169.6,191.4,184.1,195.1,186.0,200.4,191.5,222.9,212.5,237.9,228.4,233.5,227.0,255.7,247.1,261.2,252.7,255.7,250.6,255.2,249.4,250.7,244.7,259.5,253.7,269.7,263.8,269.8,260.4,295.1,287.9,303.3,297.5,167.9,164.1,172.0,167.6,174.7,170.0,175.5,171.1,170.8,167.6,239.6,236.4,212.1,205.9,172.0,160.5,185.0,178.1,177.7,170.2
JSWSTEEL,1172.3,1090.2,1147.0,1083.8,937.4,876.3,828.1,779.8,1042.2,986.7,1069.0,1005.6,801.9,746.4,800.8,761.3,659.6,624.8,309.6,268.4,276.1,249.4,230.0,210.7,224.2,208.4,213.9,200.1,195.1,182.0,342.1,306.1,476.9,434.1,628.0,576.0,621.1,582.0,724.3,692.4,774.1,744.3,879.3,843.5,914.4,857.8,1013.0,978.1,1128.3,1079.3,1043.4,997.1,1224.2,1190.8,1255.1,1220.7,1162.4,1102.8,1071.9,1038.6,1130.9,1094.6,1142.1,1115.2,1261.7,1225.5,1343.5,1301.4,1292.3,1246.8,1183.4,1125.4,272.7,265.7,276.4,266.2,197.6,181.8,167.2,156.7,177.6,169.3
KOTAKBANK,1256.1,1138.7,908.3,854.3,674.6,612.2,716.4,679.1,771.5,731.5,625.5,585.0,520.0,480.5,615.8,575.9,615.9,574.4,450.2,401.5,379.9,342.7,372.4,344.8,335.6,309.9,271.6,258.0,264.6,247.0,394.0,358.6,579.8,529.3,681.4,634.8,638.8,604.8,729.8,697.1,742.8,715.3,797.9,769.2,796.4,761.2,809.5,786.5,839.5,811.7,760.3,727.5,774.3,755.4,763.6,744.5,764.7,736.8,772.4,752.3,776.4,759.4,841.0,819.6,608.2,590.1,511.1,495.2,485.8,469.0,469.1,453.9,1670.8,1639.7,1694.6,1662.0,1451.0,1332.5,1254.1,1187.4,1221.4,1170.6
LT,4088.5,3878.2,3619.1,3472.1,3075.6,2896.6,2901.4,2776.1,2982.3,2865.8,2670.0,2552.4,2538.0,2393.2,2736.6,2648.9,2638.5,2519.0,952.3,870.5,842.4,782.0,787.0,745.4,744.9,701.3,669.6,641.8,625.6,598.2,857.0,803.0,1178.2,1101.9,1554.1,1476.4,1501.0,1434.7,1527.8,1474.9,1636.3,1595.3,1668.0,1618.1,1631.2,1589.6,1672.6,1639.1,1632.6,1590.4,1478.2,1439.5,1621.3,1586.5,1627.4,1595.0,1613.0,1561.1,1737.7,1700.1,1869.2,1834.1,1839.1,1803.5,1961.8,1922.0,2059.4,2004.1,2097.0,2044.3,2003.0,1957.8,1339.8,1319.3,1291.5,1265.4,991.4,927.3,875.4,840.1,858.8,827.3
M&M,772.2,716.7,658.1,623.1,691.3,651.3,645.9,621.0,669.1,646.2,578.5,550.5,531.0,495.9,575.6,548.4,568.9,542.6,445.5,396.5,350.8,317.5,292.9,268.4,308.3,289.0,302.2,282.7,362.0,340.9,467.6,436.0,600.1,557.6,748.1,707.4,780.2,741.0,838.6,794.5,872.6,837.0,935.9,894.6,1033.7,991.9,1064.9,1031.3,1155.4,1111.0,1019.0,983.6,1031.1,996.1,531.7,513.3,551.0,525.8,615.9,597.2,634.3,615.9,640.6,622.1,677.2,660.0,730.8,707.9,791.7,762.2,780.9,759.4,560.2,548.6,542.8,524.6,388.2,358.0,349.3,327.1,409.0,387.9
MARUTI,912.7,857.7,840.9,803.4,875.8,833.7,773.6,745.3,796.8,771.7,743.9,705.7,600.9,567.0,650.8,618.4,710.8,671.4,663.5,613.9,576.2,536.5,522.4,489.2,572.7,541.1,629.8,601.0,728.3,695.6,831.6,787.5,931.9,885.1,1082.5,1037.7,1214.7,1159.5,1400.7,1337.9,1592.1,1533.8,1550.3,1496.3,1545.7,1480.0,1597.6,1560.7,1468.7,1422.8,1392.3,1346.8,1461.7,1424.6,1374.1,1333.9,1266.0,1231.1,1365.8,1328.7,1368.5,1329.1,1245.6,1223.1,1393.5,1357.5,1533.7,1494.4,1470.7,1429.0,1424.7,1389.6,7304.9,7170.8,6898.6,6714.4,5630.8,5221.8,5131.2,4834.6,5128.3,4884.0
NESTLEIND,,,,,,,,,,,,,,,,,,,,,,,,,,,,,,,,,,,,,,,,,,,,,,,,,2572.9,2495.3,2697.2,2584.3,2716.3,2650.3,2793.3,2690.9,2854.0,2771.8,2927.5,2858.9,3048.7,2964.8,2940.6,2852.3,3273.9,3191.6,3366.5,3278.1,3813.8,3648.2,3743.0,3644.5,15215.9,14939.1,16468.2,16114.0,15467.6,14531.6,17513.1,16734.2,17137.7,16660.4
NTPC,253.9,234.7,207.8,197.4,197.3,187.5,195.6,189.1,189.3,184.4,165.2,158.2,173.3,165.2,181.6,175.4,178.8,170.8,161.5,150.1,155.5,145.0,174.9,167.5,183.1,174.8,182.3,176.8,180.8,173.9,193.9,185.2,205.1,195.9,217.1,206.6,207.6,200.0,212.2,206.7,210.5,206.5,216.0,210.8,215.3,210.3,216.4,211.9,230.7,225.1,206.9,202.1,204.9,201.7,209.4,206.0,204.6,199.9,201.4,197.8,202.4,199.2,198.0,194.9,207.6,203.2,211.0,206.4,190.5,186.6,195.6,191.3,119.5,116.8,113.5,110.1,94.4,87.7,92.9,88.4,93.7,89.7
ONGC,1217.3,1140.2,1036.5,984.1,1034.9,977.9,1046.5,1009.9,976.3,947.2,888.3,837.7,943.5,889.8,1052.7,1014.5,1071.1,1012.8,862.9,797.4,740.8,683.2,698.3,660.8,682.5,642.9,699.1,665.9,740.2,705.5,883.0,838.4,993.4,924.7,1125.3,1067.3,1089.9,1040.6,1192.4,1150.1,1184.1,1141.4,1213.8,1182.1,1182.1,1146.1,1199.1,1175.8,1195.2,1164.1,1120.1,1087.6,1094.7,1074.9,1058.0,1035.0,1082.4,1046.0,1222.4,1184.4,1286.7,1259.1,1288.3,1256.0,1409.5,1376.9,1377.9,1343.3,1321.6,1281.9,1325.5,1301.0,124.0,121.1,104.3,101.0,75.2,68.1,73.3,69.6,78.9,75.7
POWERGRID,135.1,125.4,108.0,102.4,101.3,95.1,102.7,99.5,103.7,100.5,88.6,84.5,89.3,83.6,97.4,93.5,95.0,90.1,83.1,77.2,76.3,70.7,80.4,75.0,84.3,78.4,90.8,85.4,96.3,91.9,99.4,94.0,110.0,103.4,119.8,113.6,112.7,107.6,112.3,108.9,109.6,107.2,110.8,108.1,106.5,103.3,106.6,104.6,116.6,113.1,109.6,107.5,108.5,106.2,110.9,107.9,106.2,103.9,104.0,102.2,102.4,100.7,104.2,101.8,107.6,105.7,108.6,105.8,101.0,98.0,98.1,96.3,197.1,192.3,190.0,184.3,172.7,160.7,163.8,157.5,162.0,157.6
RELIANCE,2901.8,2741.8,2554.1,2448.8,2323.8,2209.4,2563.4,2473.3,2640.5,2540.2,2283.9,2171.1,2145.6,2047.6,2282.8,2208.6,2070.7,1973.8,1498.7,1383.5,1243.2,1144.3,1268.0,1195.0,1255.7,1173.0,1339.1,1288.6,1364.1,1307.9,1764.1,1685.7,2110.3,2005.7,2197.9,2104.6,1974.7,1890.2,2028.2,1968.4,2126.1,2062.2,2160.1,2091.6,1946.6,1882.3,1078.9,1052.9,1098.8,1060.2,1014.6,991.6,1060.9,1037.1,1100.9,1074.1,1042.9,1014.1,1057.1,1035.7,1068.6,1051.0,992.3,975.0,998.4,977.4,1071.0,1047.3,1063.9,1034.6,1049.0,1027.1,1536.2,1508.3,1454.3,1423.9,1145.8,1064.5,1303.2,1236.4,1492.7,1443.9
SBIN,2422.4,2294.8,2213.6,2111.7,1800.2,1703.4,1721.4,1658.7,1677.7,1622.1,1329.3,1261.9,1311.9,1221.7,1496.1,1419.4,1550.4,1466.5,1425.6,1303.4,1226.6,1136.5,1238.4,1175.1,1209.8,1152.1,1120.3,1079.7,1014.9,966.9,1258.6,1189.4,1568.9,1477.0,1793.7,1712.8,1712.9,1641.6,1796.5,1740.2,2003.6,1942.9,2302.9,2211.6,2313.8,2234.8,2270.0,2223.4,2204.8,2152.2,1967.2,1917.5,2061.9,2025.4,2168.1,2117.3,2290.8,2223.4,2356.8,2294.1,2424.4,2380.2,2769.2,2705.6,3066.7,2999.2,3248.5,3182.5,3169.2,3061.2,2852.9,2776.5,326.9,319.0,323.5,313.2,237.5,217.7,190.5,182.5,166.8,160.5
SHREECEM,1364.1,1243.3,1278.6,1212.7,1115.8,1051.3,1099.3,1033.6,922.5,885.1,711.0,670.3,572.2,535.0,632.1,602.4,578.7,551.5,491.2,444.2,434.9,398.1,442.8,411.0,502.3,474.5,557.7,528.5,626.2,596.3,810.4,763.8,926.2,872.6,1174.6,1124.2,1376.4,1318.9,1616.1,1550.2,1602.1,1538.8,1580.1,1505.5,1733.3,1669.2,1883.1,1834.8,2201.3,2089.9,2102.2,2017.3,2293.5,2217.1,2311.9,2257.3,2108.7,2012.7,2070.1,2014.4,1930.3,1872.8,1882.5,1821.3,2055.4,1981.0,2081.8,2038.9,2205.0,2113.2,2056.2,1989.4,23074.2,22448.3,24551.5,23808.8,20646.7,19105.3,18575.6,17670.0,19723.3,18910.7
SUNPHARMA,1119.2,1047.1,1153.6,1096.3,1297.9,1222.3,1337.9,1281.1,1413.7,1356.1,1464.9,1395.8,1390.4,1335.5,1483.5,1435.8,1501.1,1443.4,1376.4,1267.3,1174.0,1098.9,1088.6,1040.8,1119.5,1073.9,1068.5,1034.5,1051.9,1007.7,1196.0,1138.9,1360.5,1274.0,1312.5,1244.4,1219.7,1159.8,1215.6,1174.8,1252.1,1209.5,1400.6,1352.2,1461.9,1411.3,1519.6,1470.3,1536.7,1488.3,1544.1,1499.6,1696.3,1648.7,1764.4,1713.5,1594.8,1548.8,1744.6,1704.8,1774.0,1737.2,1787.6,1748.1,1865.8,1818.0,2104.7,2056.3,1956.0,1899.4,463.9,449.6,450.7,441.4,418.2,404.9,380.5,353.7,466.9,440.5,467.2,450.0
TATAMOTORS,758.5,710.9,736.0,707.4,673.6,641.5,640.5,621.2,670.2,644.8,523.1,496.7,422.0,398.3,435.0,415.8,417.4,396.2,268.8,241.4,158.8,144.7,163.9,151.5,161.9,151.1,140.9,134.0,166.3,154.8,245.6,221.2,311.2,287.8,361.2,337.0,330.9,309.8,463.9,432.2,579.7,553.8,575.8,544.7,628.5,603.4,740.9,715.8,796.5,767.9,706.7,680.6,786.1,760.9,816.4,784.2,790.8,756.2,781.2,758.9,815.2,796.5,982.7,951.9,1064.4,1038.2,1174.8,1143.0,1248.4,1199.2,1333.2,1288.5,193.2,186.2,167.1,159.2,93.4,86.5,77.0,72.7,86.3,82.3
TATASTEEL,842.9,783.0,807.7,770.7,738.0,692.3,737.3,701.6,881.5,845.2,830.3,787.4,670.3,627.5,640.2,608.0,523.1,500.3,294.5,262.9,190.9,172.1,212.6,197.7,211.8,197.5,183.2,173.8,182.8,170.2,262.4,241.2,329.2,305.4,444.5,414.5,416.6,390.7,464.8,444.2,488.0,470.8,541.7,521.7,536.6,510.8,583.3,565.9,640.1,619.8,571.9,551.8,631.9,612.7,678.4,656.3,553.2,529.8,490.9,476.1,514.9,498.6,533.7,515.7,609.3,593.8,647.6,628.2,622.8,604.9,654.9,638.1,483.7,472.1,445.4,429.4,319.5,294.0,284.3,270.7,283.8,273.4
TCS,964.1,909.5,917.3,877.4,857.0,815.4,928.4,878.9,979.5,932.4,929.3,886.9,846.2,797.5,844.2,816.9,796.6,749.4,581.9,519.1,539.7,496.7,523.8,492.7,518.8,490.6,504.1,485.8,515.7,488.6,593.4,561.5,670.8,631.0,573.1,546.7,448.9,427.0,533.8,514.6,577.7,557.7,628.6,603.3,671.8,649.6,723.4,706.4,768.4,743.5,756.5,737.6,808.4,790.4,805.1,785.6,759.3,733.3,772.2,753.8,809.8,793.7,870.6,850.8,908.5,886.7,1002.3,969.5,1069.9,1042.9,1130.3,1104.8,2212.2,2172.4,2176.1,2123.3,1899.5,1778.4,1834.2,1758.8,1972.4,1916.5
TECHM,961.0,899.5,728.0,689.9,683.8,648.9,846.4,795.9,919.3,872.4,803.8,758.7,728.8,691.3,786.0,758.3,724.5,686.6,449.9,404.2,299.5,279.8,262.4,246.9,256.1,234.7,253.3,236.9,272.3,256.9,340.2,308.5,408.6,378.5,748.3,673.7,773.7,727.5,868.6,828.6,947.1,913.1,948.5,922.1,994.7,944.3,1009.9,977.0,1084.9,1033.6,959.4,930.5,918.4,896.6,841.8,822.7,711.4,683.4,732.1,707.2,758.6,742.0,714.5,698.4,747.0,719.5,777.0,752.8,717.5,693.6,687.7,665.2,788.1,773.9,827.3,807.1,642.5,596.0,540.9,516.7,528.5,512.1
TITAN,1477.3,1327.3,1180.1,1106.1,1054.3,973.2,1143.4,1067.0,1231.0,1162.3,1114.1,1053.6,1088.7,1036.7,1266.4,1208.6,1200.7,1139.3,984.3,879.2,929.4,861.0,928.2,871.3,945.1,897.7,834.5,796.6,760.1,720.2,828.6,777.3,955.9,898.8,1195.3,1139.6,1254.0,1200.0,1226.4,1178.6,1279.7,1239.8,1376.9,1318.6,1365.7,1313.7,1385.0,1333.5,1520.5,1467.2,1768.8,1701.6,1838.8,1795.2,2008.8,1963.0,2242.7,2164.7,2266.9,2218.1,2647.1,2574.8,2945.4,2861.2,3182.3,3103.0,3386.6,3291.7,3894.0,3730.2,3595.3,3466.5,1188.2,1166.4,1288.7,1255.0,1071.5,995.9,967.7,916.6,874.8,846.8
ULTRACEMCO,939.3,876.4,894.7,853.4,857.6,801.6,812.5,778.8,705.6,680.9,629.6,592.7,562.1,533.4,618.5,591.9,581.6,548.6,432.2,389.8,337.9,308.7,350.9,324.3,403.0,375.9,430.8,409.9,506.2,472.5,571.7,543.1,641.3,602.3,736.2,693.5,768.1,729.2,761.7,732.5,771.6,742.2,832.4,797.4,784.0,752.1,887.2,860.5,989.9,954.3,1005.0,973.4,1121.6,1088.5,1130.7,1100.3,965.3,928.3,963.0,931.2,864.7,843.2,911.3,886.4,1035.4,996.1,1119.9,1091.8,1135.4,1103.0,1098.0,1062.9,4471.4,4369.2,4473.8,4361.5,3733.9,3465.1,3463.1,3328.0,3579.1,3441.1
UPL,380.2,350.8,333.8,318.4,291.7,272.2,313.1,293.7,350.5,332.4,323.2,302.1,300.3,281.0,343.8,329.2,331.6,315.2,217.5,191.7,100.0,89.1,101.5,92.9,107.9,99.2,98.0,92.3,91.0,84.7,123.1,112.8,146.2,134.3,163.9,153.0,156.4,148.2,169.0,158.9,169.2,162.9,164.2,157.2,148.1,142.1,168.6,161.8,172.3,166.2,157.1,152.3,158.3,153.7,152.4,147.3,173.1,165.2,191.0,183.8,182.1,176.6,191.4,185.7,189.3,184.5,197.9,189.7,200.7,192.9,174.3,166.9,583.0,567.8,569.0,551.4,409.5,375.7,356.2,334.6,389.1,368.5
VEDL,3483.4,3207.7,3280.5,3093.7,3328.4,3119.1,3312.8,3132.0,4213.1,4059.9,3731.9,3523.0,3142.1,2948.1,999.2,945.9,134.4,126.2,92.2,83.6,80.8,73.4,84.2,78.2,83.4,76.9,91.7,86.0,87.5,81.8,117.5,108.5,152.1,141.2,189.2,176.5,216.2,204.5,237.8,226.5,251.6,241.5,317.3,298.1,351.9,336.9,388.8,374.8,404.8,390.2,376.9,362.3,451.0,435.5,466.2,452.1,384.3,361.6,370.5,355.7,361.8,351.8,349.5,338.2,331.3,322.7,358.6,345.3,335.9,324.4,311.2,302.1,157.1,152.7,140.5,135.9,87.3,80.4,78.6,74.0,89.0,84.5
WIPRO,477.2,444.8,438.5,414.7,417.5,393.3,449.4,426.0,506.1,488.5,493.8,470.5,421.2,393.0,441.9,423.9,416.4,393.9,297.5,263.8,257.9,235.0,246.2,230.7,240.9,224.6,223.4,214.6,231.1,221.3,294.6,273.9,387.8,361.7,403.3,385.2,431.6,413.5,524.3,505.6,570.1,554.5,601.8,580.5,635.2,615.6,671.2,655.9,713.4,686.9,671.6,651.9,720.9,704.5,716.2,699.3,668.4,647.1,523.4,508.4,408.8,398.9,420.4,410.6,428.6,417.7,466.0,451.1,430.2,417.5,465.3,454.0,251.6,247.1,243.8,239.1,200.7,188.5,189.4,181.4,191.8,184.4
ZEEL,299.9,280.6,258.8,247.0,257.6,241.4,233.1,223.9,232.5,224.4,229.2,216.7,204.9,192.6,214.0,206.2,220.3,207.9,166.2,146.9,132.9,121.6,134.0,125.5,129.2,115.7,115.6,107.4,103.4,96.9,126.4,116.0,158.1,143.4,183.6,171.6,183.1,171.7,202.4,191.3,221.6,213.1,250.5,237.5,261.0,249.9,264.5,253.2,275.9,262.4,261.7,253.8,276.2,265.7,298.8,289.0,294.5,282.4,297.3,286.4,306.1,298.0,306.9,297.0,299.6,290.6,290.8,281.6,203.2,196.5,147.0,141.7,281.0,269.9,250.9,238.6,183.7,163.1,148.4,137.4,163.9,153.5
